16777218,3,{"era":1,"frame_hex":"0000000d000000010000000000000000000000000d000000020100000200000000000000020000000000000002","kind":"emit","len":45,"out_kind":1,"out_kind_name":"send","slot":0,"to":3,"ts_ms":1789803096269,"view":0}
16777218,3,{"era":1,"frame_hex":"0000000d000000010000000000000000000000000d000000020100000200000000000000020000000000000002","kind":"emit","len":45,"out_kind":1,"out_kind_name":"send","slot":0,"to":3,"ts_ms":1789803096269,"view":0}
16777218,3,{"era":1,"frame_hex":"0000000d000000010000000000000000000000000d000000020100000200000000000000020000000000000002","kind":"emit","len":45,"out_kind":1,"out_kind_name":"send","slot":0,"to":3,"ts_ms":1789803099273,"view":0}
16777218,3,{"era":1,"frame_hex":"0000000d000000010000000000000000000000000d000000020100000200000000000000020000000000000002","kind":"emit","len":45,"out_kind":1,"out_kind_name":"send","slot":0,"to":3,"ts_ms":1789803102275,"view":0}
16777218,3,{"era":1,"frame_hex":"0000000d000000010000000000000000000000000d000000020100000200000000000000020000000000000002","kind":"emit","len":45,"out_kind":1,"out_kind_name":"send","slot":0,"to":3,"ts_ms":1789803105276,"view":0}
16777218,3,{"era":1,"frame_hex":"0000000d000000010000000000000000000000000d000000020100000200000000000000020000000000000002","kind":"emit","len":45,"out_kind":1,"out_kind_name":"send","slot":0,"to":3,"ts_ms":1789803108279,"view":0}
16777218,3,{"era":1,"frame_hex":"0000000d000000010000000000000000000000000d000000020100000200000000000000020000000000000002","kind":"emit","len":45,"out_kind":1,"out_kind_name":"send","slot":0,"to":3,"ts_ms":1789803111283,"view":0}
16777218,3,{"era":1,"frame_hex":"0000000d000000010000000000000000000000000d000000020100000200000000000000020000000000000002","kind":"emit","len":45,"out_kind":1,"out_kind_name":"send","slot":0,"to":3,"ts_ms":1789803114285,"view":0}
16777218,3,{"era":1,"frame_hex":"0000000d000000010000000000000000000000000d000000020100000200000000000000020000000000000002","kind":"emit","len":45,"out_kind":1,"out_kind_name":"send","slot":0,"to":3,"ts_ms":1789803117289,"view":0}
16777218,3,{"era":1,"frame_hex":"0000000d000000010000000000000000000000000d000000020100000200000000000000020000000000000002","kind":"emit","len":45,"out_kind":1,"out_kind_name":"send","slot":0,"to":3,"ts_ms":1789803120292,"view":0}
16777218,3,{"era":1,"frame_hex":"0000000d000000010000000000000000000000000d000000020100000200000000000000020000000000000002","kind":"emit","len":45,"out_kind":1,"out_kind_name":"send","slot":0,"to":3,"ts_ms":1789803123297,"view":0}
16777218,3,{"era":1,"frame_hex":"0000000d000000010000000000000000000000000d000000020100000200000000000000020000000000000002","kind":"emit","len":45,"out_kind":1,"out_kind_name":"send","slot":0,"to":3,"ts_ms":1789803126301,"view":0}
16777218,3,{"era":1,"frame_hex":"0000000d000000010000000000000000000000000d000000020100000200000000000000020000000000000002","kind":"emit","len":45,"out_kind":1,"out_kind_name":"send","slot":0,"to":3,"ts_ms":1789803129305,"view":0}
16777218,3,{"era":1,"frame_hex":"0000000d000000010000000000000000000000000d000000020100000200000000000000020000000000000002","kind":"emit","len":45,"out_kind":1,"out_kind_name":"send","slot":0,"to":3,"ts_ms":1789803132308,"view":0}
16777218,3,{"era":1,"frame_hex":"0000000d000000010000000000000000000000000d000000020100000200000000000000020000000000000002","kind":"emit","len":45,"out_kind":1,"out_kind_name":"send","slot":0,"to":3,"ts_ms":1789803135314,"view":0}
16777218,3,{"era":1,"frame_hex":"0000000d000000010000000000000000000000000d000000020100000200000000000000020000000000000002","kind":"emit","len":45,"out_kind":1,"out_kind_name":"send","slot":0,"to":3,"ts_ms":1789803138319,"view":0}
16777218,3,{"era":1,"frame_hex":"0000000d000000010000000000000000000000000d000000020100000200000000000000020000000000000002","kind":"emit","len":45,"out_kind":1,"out_kind_name":"send","slot":0,"to":3,"ts_ms":1789803141320,"view":0}
16777218,3,{"era":1,"frame_hex":"0000000d000000010000000000000000000000000d000000020100000200000000000000020000000000000002","kind":"emit","len":45,"out_kind":1,"out_kind_name":"send","slot":0,"to":3,"ts_ms":1789803144320,"view":0}
16777218,3,{"era":1,"frame_hex":"0000000d000000010000000000000000000000000d000000020100000200000000000000020000000000000002","kind":"emit","len":45,"out_kind":1,"out_kind_name":"send","slot":0,"to":3,"ts_ms":1789803147326,"view":0}
16777218,3,{"era":1,"frame_hex":"0000000d000000010000000000000000000000000d000000020100000200000000000000020000000000000002","kind":"emit","len":45,"out_kind":1,"out_kind_name":"send","slot":0,"to":3,"ts_ms":1789803150328,"view":0}
16777218,3,{"era":1,"frame_hex":"0000000d000000010000000000000000000000000d000000020100000200000000000000020000000000000002","kind":"emit","len":45,"out_kind":1,"out_kind_name":"send","slot":0,"to":3,"ts_ms":1789803153333,"view":0}
16777218,3,{"era":1,"frame_hex":"0000000d000000010000000000000000000000000d000000020100000200000000000000020000000000000002","kind":"emit","len":45,"out_kind":1,"out_kind_name":"send","slot":0,"to":3,"ts_ms":1789803156337,"view":0}
16777218,3,{"era":1,"frame_hex":"0000000d000000010000000000000000000000000d000000020100000200000000000000020000000000000002","kind":"emit","len":45,"out_kind":1,"out_kind_name":"send","slot":0,"to":3,"ts_ms":1789803159341,"view":0}
16777218,3,{"era":1,"frame_hex":"0000000d000000010000000000000000000000000d000000020100000200000000000000020000000000000002","kind":"emit","len":45,"out_kind":1,"out_kind_name":"send","slot":0,"to":3,"ts_ms":1789803162343,"view":0}
16777218,3,{"era":1,"frame_hex":"0000000d000000010000000000000000000000000d000000020100000200000000000000020000000000000002","kind":"emit","len":45,"out_kind":1,"out_kind_name":"send","slot":0,"to":3,"ts_ms":1789803165344,"view":0}
16777218,3,{"era":1,"frame_hex":"0000000d000000010000000000000000000000000d000000020100000200000000000000020000000000000002","kind":"emit","len":45,"out_kind":1,"out_kind_name":"send","slot":0,"to":3,"ts_ms":1789803168347,"view":0}
16777218,3,{"era":1,"frame_hex":"0000000d000000010000000000000000000000000d000000020100000200000000000000020000000000000002","kind":"emit","len":45,"out_kind":1,"out_kind_name":"send","slot":0,"to":3,"ts_ms":1789803171347,"view":0}
16777218,3,{"era":1,"frame_hex":"0000000d000000010000000000000000000000000d000000020100000200000000000000020000000000000002","kind":"emit","len":45,"out_kind":1,"out_kind_name":"send","slot":0,"to":3,"ts_ms":1789803174347,"view":0}
16777218,3,{"era":1,"frame_hex":"0000000d000000010000000000000000000000000d000000020100000200000000000000020000000000000002","kind":"emit","len":45,"out_kind":1,"out_kind_name":"send","slot":0,"to":3,"ts_ms":1789803177348,"view":0}
16777218,3,{"era":1,"frame_hex":"0000000d000000010000000000000000000000000d000000020100000200000000000000020000000000000002","kind":"emit","len":45,"out_kind":1,"out_kind_name":"send","slot":0,"to":3,"ts_ms":1789803180351,"view":0}
16777218,3,{"era":1,"frame_hex":"0000000d000000010000000000000000000000000d000000020100000200000000000000020000000000000002","kind":"emit","len":45,"out_kind":1,"out_kind_name":"send","slot":0,"to":3,"ts_ms":1789803183354,"view":0}
16777218,3,{"era":1,"frame_hex":"0000000d000000010000000000000000000000000d000000020100000200000000000000020000000000000002","kind":"emit","len":45,"out_kind":1,"out_kind_name":"send","slot":0,"to":3,"ts_ms":1789803186358,"view":0}
16777218,3,{"era":1,"frame_hex":"0000000d000000010000000000000000000000000d000000020100000200000000000000020000000000000002","kind":"emit","len":45,"out_kind":1,"out_kind_name":"send","slot":0,"to":3,"ts_ms":1789803189359,"view":0}
16777218,3,{"era":1,"frame_hex":"0000000d000000010000000000000000000000000d000000020100000200000000000000020000000000000002","kind":"emit","len":45,"out_kind":1,"out_kind_name":"send","slot":0,"to":3,"ts_ms":1789803192362,"view":0}
16777218,3,{"era":1,"frame_hex":"0000000d000000010000000000000000000000000d000000020100000200000000000000020000000000000002","kind":"emit","len":45,"out_kind":1,"out_kind_name":"send","slot":0,"to":3,"ts_ms":1789803195364,"view":0}
16777218,3,{"era":1,"frame_hex":"0000000d000000010000000000000000000000000d000000020100000200000000000000020000000000000002","kind":"emit","len":45,"out_kind":1,"out_kind_name":"send","slot":0,"to":3,"ts_ms":1789803198367,"view":0}
16777218,3,{"era":1,"frame_hex":"0000000d000000010000000000000000000000000d000000020100000200000000000000020000000000000002","kind":"emit","len":45,"out_kind":1,"out_kind_name":"send","slot":0,"to":3,"ts_ms":1789803201367,"view":0}
16777218,3,{"era":1,"frame_hex":"0000000d000000010000000000000000000000000d000000020100000200000000000000020000000000000002","kind":"emit","len":45,"out_kind":1,"out_kind_name":"send","slot":0,"to":3,"ts_ms":1789803204371,"view":0}
16777218,3,{"era":1,"frame_hex":"0000000d000000010000000000000000000000000d000000020100000200000000000000020000000000000002","kind":"emit","len":45,"out_kind":1,"out_kind_name":"send","slot":0,"to":3,"ts_ms":1789803207375,"view":0}
16777218,3,{"era":1,"frame_hex":"0000000d000000010000000000000000000000000d000000020100000200000000000000020000000000000002","kind":"emit","len":45,"out_kind":1,"out_kind_name":"send","slot":0,"to":3,"ts_ms":1789803210377,"view":0}
16777218,3,{"era":1,"frame_hex":"0000000d000000010000000000000000000000000d000000020100000200000000000000020000000000000002","kind":"emit","len":45,"out_kind":1,"out_kind_name":"send","slot":0,"to":3,"ts_ms":1789803213382,"view":0}
16777218,3,{"era":1,"frame_hex":"0000000d000000010000000000000000000000000d000000020100000200000000000000020000000000000002","kind":"emit","len":45,"out_kind":1,"out_kind_name":"send","slot":0,"to":3,"ts_ms":1789803216385,"view":0}
16777218,3,{"era":1,"frame_hex":"0000000d000000010000000000000000000000000d000000020100000200000000000000020000000000000002","kind":"emit","len":45,"out_kind":1,"out_kind_name":"send","slot":0,"to":3,"ts_ms":1789803219385,"view":0}
16777218,3,{"era":1,"frame_hex":"0000000d000000010000000000000000000000000d000000020100000200000000000000020000000000000002","kind":"emit","len":45,"out_kind":1,"out_kind_name":"send","slot":0,"to":3,"ts_ms":1789803222386,"view":0}
16777218,3,{"era":1,"frame_hex":"0000000d000000010000000000000000000000000d000000020100000200000000000000020000000000000002","kind":"emit","len":45,"out_kind":1,"out_kind_name":"send","slot":0,"to":3,"ts_ms":1789803225389,"view":0}
16777218,3,{"era":1,"frame_hex":"0000000d000000010000000000000000000000000d000000020100000200000000000000020000000000000002","kind":"emit","len":45,"out_kind":1,"out_kind_name":"send","slot":0,"to":3,"ts_ms":1789803228389,"view":0}
16777218,3,{"era":1,"frame_hex":"0000000d000000010000000000000000000000000d000000020100000200000000000000020000000000000002","kind":"emit","len":45,"out_kind":1,"out_kind_name":"send","slot":0,"to":3,"ts_ms":1789803231395,"view":0}
16777218,3,{"era":1,"frame_hex":"0000000d000000010000000000000000000000000d000000020100000200000000000000020000000000000002","kind":"emit","len":45,"out_kind":1,"out_kind_name":"send","slot":0,"to":3,"ts_ms":1789803234399,"view":0}
16777218,3,{"era":1,"frame_hex":"0000000d000000010000000000000000000000000d000000020100000200000000000000020000000000000002","kind":"emit","len":45,"out_kind":1,"out_kind_name":"send","slot":0,"to":3,"ts_ms":1789803237401,"view":0}
16777218,3,{"era":1,"frame_hex":"0000000d000000010000000000000000000000000d000000020100000200000000000000020000000000000002","kind":"emit","len":45,"out_kind":1,"out_kind_name":"send","slot":0,"to":3,"ts_ms":1789803240404,"view":0}
16777218,3,{"era":1,"frame_hex":"0000000d000000010000000000000000000000000d000000020100000200000000000000020000000000000002","kind":"emit","len":45,"out_kind":1,"out_kind_name":"send","slot":0,"to":3,"ts_ms":1789803243409,"view":0}
16777218,3,{"era":1,"frame_hex":"0000000d000000010000000000000000000000000d000000020100000200000000000000020000000000000002","kind":"emit","len":45,"out_kind":1,"out_kind_name":"send","slot":0,"to":3,"ts_ms":1789803246410,"view":0}
16777218,3,{"era":1,"frame_hex":"0000000d000000010000000000000000000000000d000000020100000200000000000000020000000000000002","kind":"emit","len":45,"out_kind":1,"out_kind_name":"send","slot":0,"to":3,"ts_ms":1789803647897,"view":0}
16777218,3,{"era":1,"frame_hex":"0000000d000000010000000000000000000000000d000000020100000200000000000000020000000000000002","kind":"emit","len":45,"out_kind":1,"out_kind_name":"send","slot":0,"to":3,"ts_ms":1789803647897,"view":0}
16777218,3,{"era":1,"frame_hex":"0000000d000000010000000000000000000000000d000000020100000200000000000000020000000000000002","kind":"emit","len":45,"out_kind":1,"out_kind_name":"send","slot":0,"to":3,"ts_ms":1789803650897,"view":0}
16777218,3,{"era":1,"frame_hex":"0000000d000000010000000000000000000000000d000000020100000200000000000000020000000000000002","kind":"emit","len":45,"out_kind":1,"out_kind_name":"send","slot":0,"to":3,"ts_ms":1789803653900,"view":0}
16777218,3,{"era":1,"frame_hex":"0000000d000000010000000000000000000000000d000000020100000200000000000000020000000000000002","kind":"emit","len":45,"out_kind":1,"out_kind_name":"send","slot":0,"to":3,"ts_ms":1789803656902,"view":0}
16777218,3,{"era":1,"frame_hex":"0000000d000000010000000000000000000000000d000000020100000200000000000000020000000000000002","kind":"emit","len":45,"out_kind":1,"out_kind_name":"send","slot":0,"to":3,"ts_ms":1789803659903,"view":0}
16777218,3,{"era":1,"frame_hex":"0000000d000000010000000000000000000000000d000000020100000200000000000000020000000000000002","kind":"emit","len":45,"out_kind":1,"out_kind_name":"send","slot":0,"to":3,"ts_ms":1789803662904,"view":0}
16777218,3,{"era":1,"frame_hex":"0000000d000000010000000000000000000000000d000000020100000200000000000000020000000000000002","kind":"emit","len":45,"out_kind":1,"out_kind_name":"send","slot":0,"to":3,"ts_ms":1789803665906,"view":0}
16777218,3,{"era":1,"frame_hex":"0000000d000000010000000000000000000000000d000000020100000200000000000000020000000000000002","kind":"emit","len":45,"out_kind":1,"out_kind_name":"send","slot":0,"to":3,"ts_ms":1789803668909,"view":0}
16777218,3,{"era":1,"frame_hex":"0000000d000000010000000000000000000000000d000000020100000200000000000000020000000000000002","kind":"emit","len":45,"out_kind":1,"out_kind_name":"send","slot":0,"to":3,"ts_ms":1789803671909,"view":0}
16777218,3,{"era":1,"frame_hex":"0000000d000000010000000000000000000000000d000000020100000200000000000000020000000000000002","kind":"emit","len":45,"out_kind":1,"out_kind_name":"send","slot":0,"to":3,"ts_ms":1789803674913,"view":0}
16777218,3,{"era":1,"frame_hex":"0000000d000000010000000000000000000000000d000000020100000200000000000000020000000000000002","kind":"emit","len":45,"out_kind":1,"out_kind_name":"send","slot":0,"to":3,"ts_ms":1789803677917,"view":0}
16777218,3,{"era":1,"frame_hex":"0000000d000000010000000000000000000000000d000000020100000200000000000000020000000000000002","kind":"emit","len":45,"out_kind":1,"out_kind_name":"send","slot":0,"to":3,"ts_ms":1789803680917,"view":0}
16777218,3,{"era":1,"frame_hex":"0000000d000000010000000000000000000000000d000000020100000200000000000000020000000000000002","kind":"emit","len":45,"out_kind":1,"out_kind_name":"send","slot":0,"to":3,"ts_ms":1789803683920,"view":0}
16777218,3,{"era":1,"frame_hex":"0000000d000000010000000000000000000000000d000000020100000200000000000000020000000000000002","kind":"emit","len":45,"out_kind":1,"out_kind_name":"send","slot":0,"to":3,"ts_ms":1789803686920,"view":0}
16777218,3,{"era":1,"frame_hex":"0000000d000000010000000000000000000000000d000000020100000200000000000000020000000000000002","kind":"emit","len":45,"out_kind":1,"out_kind_name":"send","slot":0,"to":3,"ts_ms":1789803689920,"view":0}
16777218,3,{"era":1,"frame_hex":"0000000d000000010000000000000000000000000d000000020100000200000000000000020000000000000002","kind":"emit","len":45,"out_kind":1,"out_kind_name":"send","slot":0,"to":3,"ts_ms":1789803692920,"view":0}
16777218,3,{"era":1,"frame_hex":"0000000d000000010000000000000000000000000d000000020100000200000000000000020000000000000002","kind":"emit","len":45,"out_kind":1,"out_kind_name":"send","slot":0,"to":3,"ts_ms":1789803695925,"view":0}
16777218,3,{"era":1,"frame_hex":"0000000d000000010000000000000000000000000d000000020100000200000000000000020000000000000002","kind":"emit","len":45,"out_kind":1,"out_kind_name":"send","slot":0,"to":3,"ts_ms":1789803698928,"view":0}
16777218,3,{"era":1,"frame_hex":"0000000d000000010000000000000000000000000d000000020100000200000000000000020000000000000002","kind":"emit","len":45,"out_kind":1,"out_kind_name":"send","slot":0,"to":3,"ts_ms":1789803701932,"view":0}
16777218,3,{"era":1,"frame_hex":"0000000d000000010000000000000000000000000d000000020100000200000000000000020000000000000002","kind":"emit","len":45,"out_kind":1,"out_kind_name":"send","slot":0,"to":3,"ts_ms":1789803704934,"view":0}
16777218,3,{"era":1,"frame_hex":"0000000d000000010000000000000000000000000d000000020100000200000000000000020000000000000002","kind":"emit","len":45,"out_kind":1,"out_kind_name":"send","slot":0,"to":3,"ts_ms":1789803707936,"view":0}
16777218,3,{"era":1,"frame_hex":"0000000d000000010000000000000000000000000d000000020100000200000000000000020000000000000002","kind":"emit","len":45,"out_kind":1,"out_kind_name":"send","slot":0,"to":3,"ts_ms":1789803710937,"view":0}
16777218,3,{"era":1,"frame_hex":"0000000d000000010000000000000000000000000d000000020100000200000000000000020000000000000002","kind":"emit","len":45,"out_kind":1,"out_kind_name":"send","slot":0,"to":3,"ts_ms":1789803713940,"view":0}
16777218,3,{"era":1,"frame_hex":"0000000d000000010000000000000000000000000d000000020100000200000000000000020000000000000002","kind":"emit","len":45,"out_kind":1,"out_kind_name":"send","slot":0,"to":3,"ts_ms":1789803716941,"view":0}
16777218,3,{"era":1,"frame_hex":"0000000d000000010000000000000000000000000d000000020100000200000000000000020000000000000002","kind":"emit","len":45,"out_kind":1,"out_kind_name":"send","slot":0,"to":3,"ts_ms":1789803719945,"view":0}
16777218,3,{"era":1,"frame_hex":"0000000d000000010000000000000000000000000d000000020100000200000000000000020000000000000002","kind":"emit","len":45,"out_kind":1,"out_kind_name":"send","slot":0,"to":3,"ts_ms":1789803722947,"view":0}
16777218,3,{"era":1,"frame_hex":"0000000d000000010000000000000000000000000d000000020100000200000000000000020000000000000002","kind":"emit","len":45,"out_kind":1,"out_kind_name":"send","slot":0,"to":3,"ts_ms":1789803725949,"view":0}
16777218,3,{"era":1,"frame_hex":"0000000d000000010000000000000000000000000d000000020100000200000000000000020000000000000002","kind":"emit","len":45,"out_kind":1,"out_kind_name":"send","slot":0,"to":3,"ts_ms":1789803728953,"view":0}
16777218,3,{"era":1,"frame_hex":"0000000d000000010000000000000000000000000d000000020100000200000000000000020000000000000002","kind":"emit","len":45,"out_kind":1,"out_kind_name":"send","slot":0,"to":3,"ts_ms":1789803731954,"view":0}
16777218,3,{"era":1,"frame_hex":"0000000d000000010000000000000000000000000d000000020100000200000000000000020000000000000002","kind":"emit","len":45,"out_kind":1,"out_kind_name":"send","slot":0,"to":3,"ts_ms":1789803734955,"view":0}
16777218,3,{"era":1,"frame_hex":"0000000d000000010000000000000000000000000d000000020100000200000000000000020000000000000002","kind":"emit","len":45,"out_kind":1,"out_kind_name":"send","slot":0,"to":3,"ts_ms":1789803737955,"view":0}
16777218,3,{"era":1,"frame_hex":"0000000d000000010000000000000000000000000d000000020100000200000000000000020000000000000002","kind":"emit","len":45,"out_kind":1,"out_kind_name":"send","slot":0,"to":3,"ts_ms":1789803740959,"view":0}
16777218,3,{"era":1,"frame_hex":"0000000d000000010000000000000000000000000d000000020100000200000000000000020000000000000002","kind":"emit","len":45,"out_kind":1,"out_kind_name":"send","slot":0,"to":3,"ts_ms":1789803743960,"view":0}
16777218,3,{"era":1,"frame_hex":"0000000d000000010000000000000000000000000d000000020100000200000000000000020000000000000002","kind":"emit","len":45,"out_kind":1,"out_kind_name":"send","slot":0,"to":3,"ts_ms":1789803746965,"view":0}
16777218,3,{"era":1,"frame_hex":"0000000d000000010000000000000000000000000d000000020100000200000000000000020000000000000002","kind":"emit","len":45,"out_kind":1,"out_kind_name":"send","slot":0,"to":3,"ts_ms":1789803749969,"view":0}
16777218,3,{"era":1,"frame_hex":"0000000d000000010000000000000000000000000d000000020100000200000000000000020000000000000002","kind":"emit","len":45,"out_kind":1,"out_kind_name":"send","slot":0,"to":3,"ts_ms":1789803752971,"view":0}
16777218,3,{"era":1,"frame_hex":"0000000d000000010000000000000000000000000d000000020100000200000000000000020000000000000002","kind":"emit","len":45,"out_kind":1,"out_kind_name":"send","slot":0,"to":3,"ts_ms":1789803755976,"view":0}
16777218,3,{"era":1,"frame_hex":"0000000d000000010000000000000000000000000d000000020100000200000000000000020000000000000002","kind":"emit","len":45,"out_kind":1,"out_kind_name":"send","slot":0,"to":3,"ts_ms":1789803758980,"view":0}
16777218,3,{"era":1,"frame_hex":"0000000d000000010000000000000000000000000d000000020100000200000000000000020000000000000002","kind":"emit","len":45,"out_kind":1,"out_kind_name":"send","slot":0,"to":3,"ts_ms":1789803761982,"view":0}
16777218,3,{"era":1,"frame_hex":"0000000d000000010000000000000000000000000d000000020100000200000000000000020000000000000002","kind":"emit","len":45,"out_kind":1,"out_kind_name":"send","slot":0,"to":3,"ts_ms":1789803764982,"view":0}
16777218,3,{"era":1,"frame_hex":"0000000d000000010000000000000000000000000d000000020100000200000000000000020000000000000002","kind":"emit","len":45,"out_kind":1,"out_kind_name":"send","slot":0,"to":3,"ts_ms":1789803767986,"view":0}
